{
  "lang":"en",
  "name":"pipeline",
  "version":"0.0.0",
  "spacy_version":">=3.2.1,<3.3.0",
  "description":"",
  "author":"",
  "email":"",
  "url":"",
  "license":"",
  "spacy_git_version":"800737b41",
  "vectors":{
    "width":0,
    "vectors":0,
    "keys":0,
    "name":null,
    "mode":"default"
  },
  "labels":{
    "tok2vec":[

    ],
    "ner":[
      "COLLEGE",
      "EDUCATION",
      "LOCATION",
      "NAME",
      "ORG",
      "POSITION",
      "SKILL"
    ]
  },
  "pipeline":[
    "tok2vec",
    "ner"
  ],
  "components":[
    "tok2vec",
    "ner"
  ],
  "disabled":[

  ],
  "performance":{
    "ents_f":0.9829241184,
    "ents_p":0.9864124924,
    "ents_r":0.9794603302,
    "ents_per_type":{
      "EDUCATION":{
        "p":1.0,
        "r":1.0,
        "f":1.0
      },
      "POSITION":{
        "p":0.9819078947,
        "r":0.9900497512,
        "f":0.9859620149
      },
      "ORG":{
        "p":0.9447513812,
        "r":0.9395604396,
        "f":0.9421487603
      },
      "SKILL":{
        "p":0.9893190921,
        "r":0.9766062603,
        "f":0.9829215719
      },
      "COLLEGE":{
        "p":1.0,
        "r":1.0,
        "f":1.0
      },
      "LOCATION":{
        "p":0.9752808989,
        "r":0.96875,
        "f":0.9720044793
      },
      "NAME":{
        "p":0.9946996466,
        "r":1.0,
        "f":0.9973427812
      }
    },
    "tok2vec_loss":1007.2240986634,
    "ner_loss":1348.1425706942
  }
}