{
  "lang":"en",
  "name":"pipeline",
  "version":"0.0.0",
  "spacy_version":">=3.2.1,<3.3.0",
  "description":"",
  "author":"",
  "email":"",
  "url":"",
  "license":"",
  "spacy_git_version":"800737b41",
  "vectors":{
    "width":0,
    "vectors":0,
    "keys":0,
    "name":null,
    "mode":"default"
  },
  "labels":{
    "tok2vec":[

    ],
    "ner":[
      "COLLEGE",
      "EDUCATION",
      "LOCATION",
      "NAME",
      "ORG",
      "POSITION",
      "SKILL"
    ]
  },
  "pipeline":[
    "tok2vec",
    "ner"
  ],
  "components":[
    "tok2vec",
    "ner"
  ],
  "disabled":[

  ],
  "performance":{
    "ents_f":0.9819973851,
    "ents_p":0.9809121961,
    "ents_r":0.9830849778,
    "ents_per_type":{
      "EDUCATION":{
        "p":1.0,
        "r":1.0,
        "f":1.0
      },
      "POSITION":{
        "p":0.9787234043,
        "r":0.991708126,
        "f":0.9851729819
      },
      "ORG":{
        "p":0.9180327869,
        "r":0.9230769231,
        "f":0.9205479452
      },
      "SKILL":{
        "p":0.9825370675,
        "r":0.9825370675,
        "f":0.9825370675
      },
      "COLLEGE":{
        "p":1.0,
        "r":1.0,
        "f":1.0
      },
      "LOCATION":{
        "p":0.9753914989,
        "r":0.9732142857,
        "f":0.974301676
      },
      "NAME":{
        "p":0.9946996466,
        "r":1.0,
        "f":0.9973427812
      }
    },
    "tok2vec_loss":996.3073804406,
    "ner_loss":1185.7812641636
  }
}